<?xml version="1.0" encoding="UTF-8" standalone="yes"?>
<addon id="plugin.program.advancedsettings"
       name="Redução do Buffering"
       version="0.0.2"
       provider-name="T-R3X">
    <requires>
        <import addon="xbmc.python" version="2.1.0"/>
    </requires>
    <extension point="xbmc.python.pluginsource"
               	library="default.py">
        <provides>video executable</provides>
    </extension>
    <extension point="xbmc.addon.metadata">
        <platform>all</platform>
        <summary>Criar, visualizar, editar e excluir o arquivo advancedsettings.xml</summary>
        <description>Configurações: Edit Settings -> Network Settings -> Network ---- CacheBufferSize -> 157286400 ----- BufferMode -> 1 ----- ReadBufferFactor -> 20 ------- Sair e clicar em WRITE XML FILE</description>
		<platform>all</platform>
        <language>pt</language>
        <license>GNU GENERAL PUBLIC LICENSE</license>
        <forum>http://www.avensat.com</forum>
        <source></source>
        <email></email>
    </extension>
	
</addon>
