﻿<?xml version="1.0" encoding="UTF-8" standalone="yes"?>
<addon id="FreeTv.repo" name="FreeTV 4 all" version="0.0.1" provider-name="T-R3X">
	<extension point="xbmc.addon.repository" name="FreeTV 4 all">
		<info compressed="false">http://raw.github.com/h3ld3rkid/FreeTv.repo/master/addons.xml</info>
		<checksum>http://raw.github.com/h3ld3rkid/FreeTv.repo/master/addons.xml.md5</checksum>
		<datadir zip="true">http://raw.github.com/h3ld3rkid/FreeTv.repo/master/repo/</datadir>
	</extension>
	<extension point="xbmc.addon.metadata">
		<summary>Links da Net</summary>
		<description>Sempre Free</description>
		<disclaimer></disclaimer>
		<platform>all</platform>
	</extension>
</addon>